{"_runtime":6716.586856536,"val/contrast_loss":1.3383293475100952,"learning_rate":1e-06,"_wandb":{"runtime":6716},"train/total_loss":3.376448713929519,"train/bbox_loss":0.18688559407196675,"val/giou_loss":1.0909143883994137,"_step":50,"train/giou_loss":1.075009374681297,"_timestamp":1.7621693632721057e+09,"val/total_loss":4.9845856474496495,"train/contrast_loss":0.04049536129508032,"val/position_loss":0.18298185217393736,"train/position_loss":0.1257533156262851,"val/bbox_loss":0.2196927644181514}