{
    "layer_1": 0.60546875,
    "layer_3": 0.3623046875,
    "layer_6": 0.43798828125,
    "layer_9": 0.39599609375
}