{
    "layer_1": 0.66943359375,
    "layer_3": 0.411865234375,
    "layer_6": 0.484130859375,
    "layer_9": 0.4423828125
}