{"train/bbox_loss":0.18728898764384735,"_wandb":{"runtime":7345},"train/contrast_loss":2.3694501611689054,"val/position_loss":0.18141538869985982,"_step":50,"train/position_loss":0.12547483089025938,"_timestamp":1.7621780946790547e+09,"val/giou_loss":1.0791231101686274,"train/total_loss":5.522893921806844,"train/giou_loss":1.0734877950839898,"val/contrast_loss":2.7853936768488863,"val/total_loss":6.488879167529441,"val/bbox_loss":0.22475644290106725,"learning_rate":1e-06,"_runtime":7345.974073843}